game_id,season,week,gameday,away_team,home_team,away_score,home_score,home_win,tie,home_elo_pre,away_elo_pre,model_prob_home,home_moneyline,away_moneyline,spread_line,market_implied_home_raw,market_implied_away_raw,market_prob_home,market_prob_away,market_vig
2025_01_DAL_PHI,2025,1,2025-09-04,DAL,PHI,20,24,1,0,1629.271863161384,1475.4199782149842,0.7616873773307917,-425.0,330.0,8.5,0.8095238095238095,0.23255813953488372,0.7768331562167907,0.22316684378320936,0.042081949058693224
2025_01_KC_LAC,2025,1,2025-09-05,KC,LAC,21,27,1,0,1543.798413121491,1609.677767653352,0.47429222981372055,145.0,-175.0,-3.0,0.40816326530612246,0.6363636363636364,0.39076376554174075,0.6092362344582594,0.0445269016697587
2025_01_ARI_NO,2025,1,2025-09-07,ARI,NO,20,13,0,0,1420.186131750826,1465.280257576421,0.5041817915886945,220.0,-270.0,-6.0,0.3125,0.7297297297297297,0.299837925445705,0.7001620745542949,0.042229729729729826
2025_01_BAL_BUF,2025,1,2025-09-07,BAL,BUF,40,41,1,0,1620.005943194116,1637.9853173937988,0.543095954569946,110.0,-130.0,-1.5,0.47619047619047616,0.5652173913043478,0.4572564612326044,0.5427435387673957,0.04140786749482395
2025_01_CAR_JAX,2025,1,2025-09-07,CAR,JAX,10,26,1,0,1413.3217474123562,1384.2491231660322,0.6091321436293728,-205.0,170.0,4.5,0.6721311475409836,0.37037037037037035,0.644729178800233,0.35527082119976705,0.042501517911353925
2025_01_CIN_CLE,2025,1,2025-09-07,CIN,CLE,17,16,0,0,1399.397505229035,1543.4218091699584,0.3652242294542318,195.0,-238.0,-5.5,0.3389830508474576,0.7041420118343196,0.3249687530045188,0.6750312469954812,0.04312506268177718
2025_01_DET_GB,2025,1,2025-09-07,DET,GB,13,27,1,0,1578.3840711199614,1656.8074373627335,0.4563288188736962,-120.0,100.0,1.5,0.5454545454545454,0.5,0.5217391304347826,0.4782608695652174,0.045454545454545414
2025_01_HOU_LA,2025,1,2025-09-07,HOU,LA,9,14,1,0,1530.4084479507808,1511.5961152793914,0.5949827375550665,-166.0,140.0,3.5,0.6240601503759399,0.4166666666666667,0.5996387718242023,0.4003612281757977,0.0407268170426065
2025_01_LV_NE,2025,1,2025-09-07,LV,NE,20,13,0,0,1404.6758234980764,1407.6304006742405,0.5644647734091316,-155.0,130.0,2.5,0.6078431372549019,0.43478260869565216,0.5829926410466066,0.4170073589533933,0.04262574595055413
2025_01_MIA_IND,2025,1,2025-09-07,MIA,IND,8,33,1,0,1449.8281627688707,1497.4255042185505,0.500579471975269,-112.0,-108.0,1.5,0.5283018867924528,0.5192307692307693,0.5043297540699688,0.4956702459300312,0.0475326560232221
2025_01_NYG_WAS,2025,1,2025-09-07,NYG,WAS,6,21,1,0,1530.8733471976918,1385.8784129371122,0.7523095598366595,-298.0,240.0,6.0,0.7487437185929648,0.29411764705882354,0.7179705215419501,0.2820294784580499,0.04286136565178844
2025_01_PIT_NYJ,2025,1,2025-09-07,PIT,NYJ,34,32,0,0,1451.0631986755552,1528.5046120345241,0.4577315247649663,130.0,-155.0,-3.0,0.43478260869565216,0.6078431372549019,0.4170073589533933,0.5829926410466066,0.04262574595055413
2025_01_SF_SEA,2025,1,2025-09-07,SF,SEA,17,13,0,0,1527.6996225949135,1474.705566180935,0.6413822423879972,114.0,-135.0,-2.5,0.4672897196261682,0.574468085106383,0.448558885283451,0.551441114716549,0.04175780473255131
2025_01_TB_ATL,2025,1,2025-09-07,TB,ATL,23,20,0,0,1439.8218574546815,1547.6400576784054,0.4147553248285915,-105.0,-115.0,-1.5,0.5121951219512195,0.5348837209302325,0.4891657638136511,0.5108342361863488,0.04707884288145214
2025_01_TEN_DEN,2025,1,2025-09-07,TEN,DEN,12,20,1,0,1560.692826532139,1369.9882686942963,0.7980407780980476,-455.0,350.0,8.5,0.8198198198198198,0.2222222222222222,0.7867435158501441,0.2132564841498559,0.04204204204204198
2025_01_MIN_CHI,2025,1,2025-09-08,MIN,CHI,27,24,0,0,1421.0454263484544,1583.314983754931,0.3412365807144114,-108.0,-112.0,-1.5,0.5192307692307693,0.5283018867924528,0.4956702459300312,0.5043297540699688,0.0475326560232221
2025_02_WAS_GB,2025,2,2025-09-11,WAS,GB,18,27,1,0,1608.91830138536,1543.7589715044587,0.6573253091495841,-185.0,154.0,3.5,0.6491228070175439,0.3937007874015748,0.6224665518611737,0.3775334481388264,0.04282359441911865
2025_02_ATL_MIN,2025,2,2025-09-14,ATL,MIN,22,6,0,0,1592.1261675723908,1428.8596375571447,0.7713849421994069,-180.0,150.0,3.5,0.6428571428571429,0.4,0.6164383561643836,0.3835616438356164,0.04285714285714293
2025_02_BUF_NYJ,2025,2,2025-09-14,BUF,NYJ,30,10,0,0,1441.34779747885,1626.3921692791446,0.31240688169820724,235.0,-290.0,-6.0,0.29850746268656714,0.7435897435897436,0.28644876973925815,0.7135512302607419,0.04209720627631075
2025_02_CAR_ARI,2025,2,2025-09-14,CAR,ARI,22,27,1,0,1485.8274267114846,1362.3897505134794,0.7284701543257449,-310.0,250.0,7.0,0.7560975609756098,0.2857142857142857,0.725752508361204,0.27424749163879597,0.04181184668989557
2025_02_CHI_DET,2025,2,2025-09-14,CHI,DET,21,52,1,0,1626.2732070973348,1412.2342425309946,0.8188265670479613,-270.0,220.0,6.0,0.7297297297297297,0.3125,0.7001620745542949,0.299837925445705,0.042229729729729826
2025_02_CLE_BAL,2025,2,2025-09-14,CLE,BAL,17,41,1,0,1631.5990913087703,1394.6455142374393,0.8375791073362963,-900.0,600.0,12.5,0.9,0.14285714285714285,0.863013698630137,0.136986301369863,0.04285714285714293
2025_02_DEN_IND,2025,2,2025-09-14,DEN,IND,28,29,1,0,1483.091015620338,1568.859870694591,0.44585934633552604,110.0,-130.0,-2.5,0.47619047619047616,0.5652173913043478,0.4572564612326044,0.5427435387673957,0.04140786749482395
2025_02_JAX_CIN,2025,2,2025-09-14,JAX,CIN,27,31,1,0,1548.173800161554,1435.181120064909,0.7164151334895041,-192.0,160.0,3.5,0.6575342465753424,0.38461538461538464,0.6309403437815976,0.3690596562184025,0.04214963119072701
2025_02_LA_TEN,2025,2,2025-09-14,LA,TEN,33,19,0,0,1361.821224531844,1544.7992615396722,0.31496766910491497,205.0,-250.0,-5.5,0.32786885245901637,0.7142857142857143,0.31460674157303364,0.6853932584269663,0.042154566744730726
2025_02_NE_MIA,2025,2,2025-09-14,NE,MIA,33,27,0,0,1464.162651367083,1381.2318785001532,0.6799839653149904,-125.0,105.0,1.5,0.5555555555555556,0.4878048780487805,0.5324675324675325,0.4675324675324675,0.04336043360433606
2025_02_NYG_DAL,2025,2,2025-09-14,NYG,DAL,37,40,1,0,1468.250379998084,1372.9927886303453,0.6952239937734562,-238.0,195.0,4.5,0.7041420118343196,0.3389830508474576,0.6750312469954812,0.3249687530045188,0.04312506268177718
2025_02_PHI_KC,2025,2,2025-09-14,PHI,KC,20,17,0,0,1588.5865871453232,1636.4414613782842,0.5002088527552241,102.0,-122.0,-1.5,0.49504950495049505,0.5495495495495496,0.4739134147382802,0.5260865852617197,0.044599054500044755
2025_02_SEA_PIT,2025,2,2025-09-14,SEA,PIT,31,17,0,0,1538.2200132312294,1506.5447414846951,0.6126933317187009,-192.0,160.0,3.5,0.6575342465753424,0.38461538461538464,0.6309403437815976,0.3690596562184025,0.04214963119072701
2025_02_SF_NO,2025,2,2025-09-14,SF,NO,26,21,0,0,1399.6389626157625,1495.8604472911534,0.4310459006479591,140.0,-166.0,-3.0,0.4166666666666667,0.6240601503759399,0.4003612281757977,0.5996387718242023,0.0407268170426065
2025_02_LAC_LV,2025,2,2025-09-15,LAC,LV,20,9,0,0,1431.0743456721636,1564.8895936295198,0.3789535412680807,164.0,-198.0,-3.5,0.3787878787878788,0.6644295302013423,0.3630958183058778,0.6369041816941223,0.043217408989220996
2025_02_TB_HOU,2025,2,2025-09-15,TB,HOU,20,19,0,0,1497.2053016905,1558.6022775759423,0.48072975155817654,-135.0,114.0,2.5,0.574468085106383,0.4672897196261682,0.551441114716549,0.448558885283451,0.04175780473255131
2025_03_MIA_BUF,2025,3,2025-09-18,MIA,BUF,21,31,1,0,1643.9388908328842,1436.6622474959731,0.8129799297332151,-800.0,550.0,12.5,0.8888888888888888,0.15384615384615385,0.8524590163934427,0.1475409836065574,0.04273504273504258
2025_03_ARI_SF,2025,3,2025-09-21,ARI,SF,15,16,1,0,1510.6597797988154,1495.0408055744304,0.590545343843785,-125.0,105.0,1.5,0.5555555555555556,0.4878048780487805,0.5324675324675325,0.4675324675324675,0.04336043360433606
2025_03_ATL_CAR,2025,3,2025-09-21,ATL,CAR,0,30,1,0,1353.1763716505336,1476.0734327490256,0.3938536318521197,185.0,-225.0,-5.5,0.3508771929824561,0.6923076923076923,0.33635187580853815,0.6636481241914618,0.04318488529014841
2025_03_CIN_MIN,2025,3,2025-09-21,CIN,MIN,10,48,1,0,1544.9123723805099,1556.8561183276286,0.5517036390722256,-162.0,136.0,3.0,0.6183206106870229,0.423728813559322,0.593369754159424,0.4066302458405761,0.042049424246344946
2025_03_DAL_CHI,2025,3,2025-09-21,DAL,CHI,14,31,1,0,1400.7897015194378,1476.3498662861255,0.46042071583196026,105.0,-125.0,-1.5,0.4878048780487805,0.5555555555555556,0.4675324675324675,0.5324675324675325,0.04336043360433606
2025_03_DEN_LAC,2025,3,2025-09-21,DEN,LAC,20,23,1,0,1582.6430227928631,1560.8662104761738,0.5990882576428478,-155.0,130.0,2.5,0.6078431372549019,0.43478260869565216,0.5829926410466066,0.4170073589533933,0.04262574595055413
2025_03_GB_CLE,2025,3,2025-09-21,GB,CLE,10,13,1,0,1385.2059589050032,1624.2451066469396,0.24979428538191806,360.0,-470.0,-8.5,0.21739130434782608,0.8245614035087719,0.20863836017569545,0.7913616398243045,0.04195270785659799
2025_03_HOU_JAX,2025,3,2025-09-21,HOU,JAX,10,17,1,0,1426.4988018988345,1490.721908938094,0.476670025340262,-125.0,105.0,1.5,0.5555555555555556,0.4878048780487805,0.5324675324675325,0.4675324675324675,0.04336043360433606
2025_03_IND_TEN,2025,3,2025-09-21,IND,TEN,41,20,0,0,1346.0721396295864,1491.0846758387554,0.36390639568023564,200.0,-245.0,-6.0,0.3333333333333333,0.7101449275362319,0.3194444444444444,0.6805555555555556,0.04347826086956519
2025_03_KC_NYG,2025,3,2025-09-21,KC,NYG,22,9,0,0,1364.893302342304,1575.013106189836,0.2822685382941144,260.0,-325.0,-6.0,0.2777777777777778,0.7647058823529411,0.26645768025078376,0.7335423197492164,0.0424836601307188
2025_03_LA_PHI,2025,3,2025-09-21,LA,PHI,26,33,1,0,1650.0149423337714,1560.5483464419299,0.6881149766512139,-198.0,164.0,3.5,0.6644295302013423,0.3787878787878788,0.6369041816941223,0.3630958183058778,0.043217408989220996
2025_03_LV_WAS,2025,3,2025-09-21,LV,WAS,24,41,1,0,1528.4321662428792,1413.3209165088201,0.7188862667071892,-155.0,130.0,2.5,0.6078431372549019,0.43478260869565216,0.5829926410466066,0.4170073589533933,0.04262574595055413
2025_03_NO_SEA,2025,3,2025-09-21,NO,SEA,13,44,1,0,1540.2135864950528,1384.8396301081004,0.7632741588723809,-375.0,295.0,7.5,0.7894736842105263,0.25316455696202533,0.7571884984025559,0.2428115015974441,0.04263824117255166
2025_03_NYJ_TB,2025,3,2025-09-21,NYJ,TB,27,29,1,0,1565.0856703283482,1423.8010759251104,0.7483082209930577,-345.0,275.0,6.5,0.7752808988764045,0.26666666666666666,0.7440690150970525,0.2559309849029475,0.04194756554307122
2025_03_PIT_NE,2025,3,2025-09-21,PIT,NE,21,14,0,0,1408.7322823712632,1504.5511682208717,0.4316143583623904,100.0,-120.0,-1.5,0.5,0.5454545454545454,0.4782608695652174,0.5217391304347826,0.045454545454545414
2025_03_DET_BAL,2025,3,2025-09-22,DET,BAL,38,30,0,0,1641.0386466412065,1637.7177481088916,0.5733241910187487,-245.0,200.0,4.5,0.7101449275362319,0.3333333333333333,0.6805555555555556,0.3194444444444444,0.04347826086956519
2025_04_SEA_ARI,2025,4,2025-09-25,SEA,ARI,23,20,0,0,1489.4045733853773,1555.539767188202,0.47392503478631226,105.0,-125.0,-1.5,0.4878048780487805,0.5555555555555556,0.4675324675324675,0.5324675324675325,0.04336043360433606
2025_04_BAL_KC,2025,4,2025-09-28,BAL,KC,20,37,1,0,1588.6126814323154,1615.8061180904365,0.5299073075178029,124.0,-148.0,-2.5,0.44642857142857145,0.5967741935483871,0.42794036443953615,0.5720596355604638,0.04320276497695863
2025_04_CAR_NE,2025,4,2025-09-28,CAR,NE,13,42,1,0,1391.531125685503,1397.2694922486367,0.5605211832622801,-265.0,215.0,5.5,0.726027397260274,0.31746031746031744,0.6957699520733487,0.30423004792665137,0.04348771472059143
2025_04_CHI_LV,2025,4,2025-09-28,CHI,LV,25,24,0,0,1397.8784531694778,1433.090794128676,0.5183946152152022,-125.0,105.0,1.5,0.5555555555555556,0.4878048780487805,0.5324675324675325,0.4675324675324675,0.04336043360433606
2025_04_CLE_DET,2025,4,2025-09-28,CLE,DET,10,34,1,0,1662.9502766596615,1408.5415914490823,0.8507892010527741,-550.0,410.0,10.0,0.8461538461538461,0.19607843137254902,0.8118668596237336,0.18813314037626627,0.042232277526395245
2025_04_GB_DAL,2025,4,2025-09-28,GB,DAL,40,40,0,1,1444.0487736768873,1600.9094741028605,0.3482699454520588,275.0,-345.0,-7.0,0.26666666666666666,0.7752808988764045,0.2559309849029475,0.7440690150970525,0.04194756554307122
2025_04_IND_LA,2025,4,2025-09-28,IND,LA,20,27,1,0,1548.0842844208935,1512.1904927297142,0.6184398629946095,-185.0,154.0,3.5,0.6491228070175439,0.3937007874015748,0.6224665518611737,0.3775334481388264,0.04282359441911865
2025_04_JAX_SF,2025,4,2025-09-28,JAX,SF,26,21,0,0,1516.2960119878685,1448.9179506814708,0.660196388153776,-180.0,150.0,3.5,0.6428571428571429,0.4,0.6164383561643836,0.3835616438356164,0.04285714285714293
2025_04_LAC_NYG,2025,4,2025-09-28,LAC,NYG,18,21,1,0,1351.2937270998245,1593.6497063286886,0.24623339130212388,230.0,-285.0,-6.0,0.30303030303030304,0.7402597402597403,0.2904564315352697,0.7095435684647302,0.04329004329004338
2025_04_MIN_PIT,2025,4,2025-09-28,MIN,PIT,21,24,1,0,1521.7523249066319,1577.9388996655853,0.48822075177104196,124.0,-148.0,-2.5,0.44642857142857145,0.5967741935483871,0.42794036443953615,0.5720596355604638,0.04320276497695863
2025_04_NO_BUF,2025,4,2025-09-28,NO,BUF,19,31,1,0,1652.1357052375379,1369.5134494149513,0.8702549331204487,-1350.0,800.0,15.5,0.9310344827586207,0.1111111111111111,0.8933823529411765,0.10661764705882354,0.04214559386973171
2025_04_PHI_TB,2025,4,2025-09-28,PHI,TB,31,25,0,0,1570.2821825377264,1662.4790043548078,0.4367365371404022,154.0,-185.0,-3.5,0.3937007874015748,0.6491228070175439,0.3775334481388264,0.6224665518611737,0.04282359441911865
2025_04_TEN_HOU,2025,4,2025-09-28,TEN,HOU,0,26,1,0,1468.3027601554577,1324.9663227386277,0.7505262768587372,-440.0,340.0,7.5,0.8148148148148148,0.22727272727272727,0.7819063004846527,0.21809369951534735,0.04208754208754195
2025_04_WAS_ATL,2025,4,2025-09-28,WAS,ATL,27,34,1,0,1431.9803121509226,1543.8746295822216,0.40907145508591847,-142.0,120.0,2.5,0.5867768595041323,0.45454545454545453,0.5634920634920635,0.43650793650793646,0.04132231404958686
2025_04_CIN_DEN,2025,4,2025-09-29,CIN,DEN,3,28,1,0,1549.8595269403484,1523.8295910425531,0.6049540857521074,-470.0,360.0,7.5,0.8245614035087719,0.21739130434782608,0.7913616398243045,0.20863836017569545,0.04195270785659799
2025_04_NYJ_MIA,2025,4,2025-09-29,NYJ,MIA,21,27,1,0,1428.4654330913195,1418.6045637157322,0.5825071248497254,-148.0,124.0,2.5,0.5967741935483871,0.44642857142857145,0.5720596355604638,0.42794036443953615,0.04320276497695863
2025_05_SF_LA,2025,5,2025-10-02,SF,LA,26,23,0,0,1563.6981781171896,1491.8902901968934,0.665893432912193,-440.0,340.0,8.5,0.8148148148148148,0.22727272727272727,0.7819063004846527,0.21809369951534735,0.04208754208754195
2025_05_DAL_NYJ,2025,5,2025-10-05,DAL,NYJ,37,22,0,0,1402.428993613764,1446.31368797797,0.5059221239272285,-115.0,-105.0,1.5,0.5348837209302325,0.5121951219512195,0.5108342361863488,0.4891657638136511,0.04707884288145214
2025_05_DEN_PHI,2025,5,2025-10-05,DEN,PHI,21,17,0,0,1678.7923515716875,1575.300469585293,0.7051736141038791,-218.0,180.0,3.5,0.6855345911949685,0.35714285714285715,0.6574752261956054,0.34252477380439467,0.04267744833782561
2025_05_DET_CIN,2025,5,2025-10-05,DET,CIN,37,24,0,0,1498.3886483976084,1671.5604179140992,0.32727262343555613,425.0,-575.0,-10.5,0.19047619047619047,0.8518518518518519,0.18274111675126903,0.817258883248731,0.042328042328042326
2025_05_HOU_BAL,2025,5,2025-10-05,HOU,BAL,44,10,0,0,1588.2911624316223,1483.741382604536,0.7064381122497484,124.0,-148.0,-2.5,0.44642857142857145,0.5967741935483871,0.42794036443953615,0.5720596355604638,0.04320276497695863
2025_05_LV_IND,2025,5,2025-10-05,LV,IND,6,40,1,0,1496.576599033418,1390.8051897428873,0.7078943664193916,-360.0,285.0,7.0,0.782608695652174,0.2597402597402597,0.7508125677139762,0.2491874322860238,0.04234895539243366
2025_05_MIA_CAR,2025,5,2025-10-05,MIA,CAR,24,27,1,0,1367.2962275147063,1444.6410031932876,0.45786960692641937,100.0,-120.0,-1.5,0.5,0.5454545454545454,0.4782608695652174,0.5217391304347826,0.045454545454545414
2025_05_MIN_CLE,2025,5,2025-10-05,MIN,CLE,21,17,0,0,1399.9314501946446,1563.3774766356678,0.33971584797135607,164.0,-198.0,-3.5,0.3787878787878788,0.6644295302013423,0.3630958183058778,0.6369041816941223,0.043217408989220996
2025_05_NE_BUF,2025,5,2025-10-05,NE,BUF,23,20,0,0,1658.0337991204974,1421.5043904194333,0.8372466624826598,-395.0,310.0,7.5,0.797979797979798,0.24390243902439024,0.7659021045164341,0.23409789548356585,0.04188223700418825
2025_05_NYG_NO,2025,5,2025-10-05,NYG,NO,14,26,1,0,1363.6153555319918,1374.7798487228843,0.5528128232468139,-120.0,100.0,1.5,0.5454545454545454,0.5,0.5217391304347826,0.4782608695652174,0.045454545454545414
2025_05_TB_SEA,2025,5,2025-10-05,TB,SEA,38,35,0,0,1568.2962799615962,1553.9688353208467,0.5887464332833222,-180.0,150.0,3.5,0.6428571428571429,0.4,0.6164383561643836,0.3835616438356164,0.04285714285714293
2025_05_TEN_ARI,2025,5,2025-10-05,TEN,ARI,22,21,0,0,1476.648060611983,1309.5277002895493,0.7752736000280844,-425.0,330.0,7.5,0.8095238095238095,0.23255813953488372,0.7768331562167907,0.22316684378320936,0.042081949058693224
2025_05_WAS_LAC,2025,5,2025-10-05,WAS,LAC,27,10,0,0,1570.1635847056289,1517.9816585091894,0.6403062320473806,-155.0,130.0,2.5,0.6078431372549019,0.43478260869565216,0.5829926410466066,0.4170073589533933,0.04262574595055413
2025_05_KC_JAX,2025,5,2025-10-06,KC,JAX,28,31,1,0,1473.3236724724459,1616.1276370911296,0.36685437286642597,164.0,-198.0,-3.5,0.3787878787878788,0.6644295302013423,0.3630958183058778,0.6369041816941223,0.043217408989220996
2025_06_PHI_NYG,2025,6,2025-10-09,PHI,NYG,17,34,1,0,1351.7225892089382,1654.9731933514272,0.18704286170102336,310.0,-395.0,-7.0,0.24390243902439024,0.797979797979798,0.23409789548356585,0.7659021045164341,0.04188223700418825
2025_06_ARI_IND,2025,6,2025-10-12,ARI,IND,27,31,1,0,1516.39453785091,1465.0169424781425,0.6392391630589138,-470.0,360.0,8.5,0.8245614035087719,0.21739130434782608,0.7913616398243045,0.20863836017569545,0.04195270785659799
2025_06_CIN_GB,2025,6,2025-10-12,CIN,GB,18,27,1,0,1598.6445598017779,1482.3753054204233,0.7202314251050962,-1000.0,650.0,14.0,0.9090909090909091,0.13333333333333333,0.8720930232558138,0.12790697674418605,0.042424242424242475
2025_06_CLE_PIT,2025,6,2025-10-12,CLE,PIT,9,23,1,0,1536.3137479365494,1389.7526398478997,0.7539857055492734,-278.0,225.0,5.5,0.7354497354497355,0.3076923076923077,0.705033164260632,0.2949668357393679,0.043142043142043285
2025_06_DAL_CAR,2025,6,2025-10-12,DAL,CAR,27,30,1,0,1382.8749711208868,1473.8192969162696,0.43851096936405665,145.0,-175.0,-3.0,0.40816326530612246,0.6363636363636364,0.39076376554174075,0.6092362344582594,0.0445269016697587
2025_06_DEN_NYJ,2025,6,2025-10-12,DEN,NYJ,13,11,0,0,1374.9233846754644,1599.1196278055534,0.2661456017932371,310.0,-395.0,-7.5,0.24390243902439024,0.797979797979798,0.23409789548356585,0.7659021045164341,0.04188223700418825
2025_06_DET_KC,2025,6,2025-10-12,DET,KC,17,30,1,0,1597.35453394833,1687.5737608912843,0.4395389513417314,-142.0,120.0,2.5,0.5867768595041323,0.45454545454545453,0.5634920634920635,0.43650793650793646,0.04132231404958686
2025_06_LAC_MIA,2025,6,2025-10-12,LAC,MIA,29,27,0,0,1429.062259587107,1532.249845561774,0.42123996572155104,170.0,-205.0,-3.5,0.37037037037037035,0.6721311475409836,0.35527082119976705,0.644729178800233,0.042501517911353925
2025_06_LA_BAL,2025,6,2025-10-12,LA,BAL,17,3,0,0,1535.552200968413,1544.6127443068758,0.5558049192663039,280.0,-355.0,-7.0,0.2631578947368421,0.7802197802197802,0.2522172949002217,0.7477827050997783,0.04337767495662237
2025_06_NE_NO,2025,6,2025-10-12,NE,NO,25,19,0,0,1386.6726150459378,1447.5141990802933,0.48152788595735274,160.0,-192.0,-3.5,0.38461538461538464,0.6575342465753424,0.3690596562184025,0.6309403437815976,0.04214963119072701
2025_06_SEA_JAX,2025,6,2025-10-12,SEA,JAX,20,12,0,0,1492.0967756152454,1551.86575939807,0.4830695459187762,-105.0,-115.0,-1.5,0.5121951219512195,0.5348837209302325,0.4891657638136511,0.5108342361863488,0.04707884288145214
2025_06_SF_TB,2025,6,2025-10-12,SF,TB,19,30,1,0,1570.3993558843729,1510.9757240072072,0.6498500456371096,-192.0,160.0,3.5,0.6575342465753424,0.38461538461538464,0.6309403437815976,0.3690596562184025,0.04214963119072701
2025_06_TEN_LV,2025,6,2025-10-12,TEN,LV,10,20,1,0,1370.9872509253953,1321.15881842339,0.6371800876558988,-185.0,154.0,3.5,0.6491228070175439,0.3937007874015748,0.6224665518611737,0.3775334481388264,0.04282359441911865
2025_06_BUF_ATL,2025,6,2025-10-13,BUF,ATL,14,24,1,0,1457.8732832239548,1632.0239904596374,0.32603315385287357,170.0,-205.0,-3.5,0.37037037037037035,0.6721311475409836,0.35527082119976705,0.644729178800233,0.042501517911353925
2025_06_CHI_WAS,2025,6,2025-10-13,CHI,WAS,25,24,0,0,1555.8953976530443,1440.1640575552665,0.7196070642180801,-258.0,210.0,5.5,0.7206703910614525,0.3225806451612903,0.690792883054068,0.30920711694593195,0.043251036222742734
2025_07_PIT_CIN,2025,7,2025-10-16,PIT,CIN,31,33,1,0,1470.138212626398,1548.8059172304377,0.4559798916807978,200.0,-245.0,-5.5,0.3333333333333333,0.7101449275362319,0.3194444444444444,0.6805555555555556,0.04347826086956519
2025_07_ATL_SF,2025,7,2025-10-19,ATL,SF,10,20,1,0,1494.031598407776,1492.9738627623901,0.5701342789705973,-115.0,-105.0,1.5,0.5348837209302325,0.5121951219512195,0.5108342361863488,0.4891657638136511,0.04707884288145214
2025_07_CAR_NYJ,2025,7,2025-10-19,CAR,NYJ,13,6,0,0,1369.6163900377655,1399.1140490205125,0.5266018663392525,-112.0,-108.0,1.5,0.5283018867924528,0.5192307692307693,0.5043297540699688,0.4956702459300312,0.0475326560232221
2025_07_GB_ARI,2025,7,2025-10-19,GB,ARI,27,23,0,0,1453.6695010460776,1610.8816525958032,0.3478108838810016,310.0,-395.0,-7.0,0.24390243902439024,0.797979797979798,0.23409789548356585,0.7659021045164341,0.04188223700418825
2025_07_IND_LAC,2025,7,2025-10-19,IND,LAC,38,24,0,0,1541.0907640558078,1527.7419792829749,0.5873817198073806,-135.0,114.0,2.5,0.574468085106383,0.4672897196261682,0.551441114716549,0.448558885283451,0.04175780473255131
2025_07_LA_JAX,2025,7,2025-10-19,LA,JAX,35,7,0,0,1471.4299992302283,1574.5922284043074,0.42127555205526634,140.0,-166.0,-3.0,0.4166666666666667,0.6240601503759399,0.4003612281757977,0.5996387718242023,0.0407268170426065
2025_07_LV_KC,2025,7,2025-10-19,LV,KC,0,31,1,0,1628.2012976129834,1388.0019628764123,0.8401048919621869,-950.0,625.0,13.5,0.9047619047619048,0.13793103448275862,0.8677165354330709,0.13228346456692913,0.04269293924466333
2025_07_MIA_CLE,2025,7,2025-10-19,MIA,CLE,6,31,1,0,1377.2604705540114,1420.2213410930733,0.5072513817776055,-148.0,124.0,2.5,0.5967741935483871,0.44642857142857145,0.5720596355604638,0.42794036443953615,0.04320276497695863
2025_07_NE_TEN,2025,7,2025-10-19,NE,TEN,31,13,0,0,1304.1441064723729,1465.7500809333167,0.34209578988376343,235.0,-290.0,-6.5,0.29850746268656714,0.7435897435897436,0.28644876973925815,0.7135512302607419,0.04209720627631075
2025_07_NO_CHI,2025,7,2025-10-19,NO,CHI,14,26,1,0,1450.693851127404,1368.4367331929145,0.6791395302060432,-225.0,185.0,4.5,0.6923076923076923,0.3508771929824561,0.6636481241914618,0.33635187580853815,0.04318488529014841
2025_07_NYG_DEN,2025,7,2025-10-19,NYG,DEN,32,33,1,0,1604.4266224432522,1406.2310697463547,0.8049015272541181,-425.0,330.0,7.5,0.8095238095238095,0.23255813953488372,0.7768331562167907,0.22316684378320936,0.042081949058693224
2025_07_PHI_MIN,2025,7,2025-10-19,PHI,MIN,28,22,0,0,1573.5562869824128,1600.4647128140107,0.5303159834454155,124.0,-148.0,-2.5,0.44642857142857145,0.5967741935483871,0.42794036443953615,0.5720596355604638,0.04320276497695863
2025_07_WAS_DAL,2025,7,2025-10-19,WAS,DAL,22,44,1,0,1457.580219016644,1545.3656040809067,0.44299318560239626,-125.0,105.0,1.5,0.5555555555555556,0.4878048780487805,0.5324675324675325,0.4675324675324675,0.04336043360433606
2025_07_HOU_SEA,2025,7,2025-10-20,HOU,SEA,19,27,1,0,1572.532535783087,1536.4803440677454,0.6186550046383674,-166.0,140.0,3.0,0.6240601503759399,0.4166666666666667,0.5996387718242023,0.4003612281757977,0.0407268170426065
2025_07_TB_DET,2025,7,2025-10-20,TB,DET,9,24,1,0,1656.726997226631,1587.343481483804,0.6627813991363514,-278.0,225.0,6.0,0.7354497354497355,0.3076923076923077,0.705033164260632,0.2949668357393679,0.043142043142043285
2025_08_MIN_LAC,2025,8,2025-10-23,MIN,LAC,10,37,1,0,1509.0833713686081,1553.1667286752174,0.5056362631739987,-170.0,142.0,3.0,0.6296296296296297,0.4132231404958678,0.6037569709421778,0.3962430290578221,0.042852770125497486
2025_08_BUF_CAR,2025,8,2025-10-26,BUF,CAR,40,9,0,0,1420.7250441542014,1596.923410921202,0.3234484006954174,310.0,-395.0,-7.0,0.24390243902439024,0.797979797979798,0.23409789548356585,0.7659021045164341,0.04188223700418825
2025_08_CHI_BAL,2025,8,2025-10-26,CHI,BAL,16,30,1,0,1505.5727168709814,1466.5604234658515,0.6226668227291836,-148.0,124.0,2.5,0.5967741935483871,0.44642857142857145,0.5720596355604638,0.42794036443953615,0.04320276497695863
2025_08_CLE_NE,2025,8,2025-10-26,CLE,NE,13,32,1,0,1484.5171099493175,1410.0084128558483,0.6693433760877903,-380.0,300.0,7.0,0.7916666666666666,0.25,0.7600000000000001,0.24000000000000005,0.04166666666666652
2025_08_DAL_DEN,2025,8,2025-10-26,DAL,DEN,24,44,1,0,1606.907740411795,1493.9617646355382,0.7163605091971934,-192.0,160.0,3.5,0.6575342465753424,0.38461538461538464,0.6309403437815976,0.3690596562184025,0.04214963119072701
2025_08_GB_PIT,2025,8,2025-10-26,GB,PIT,35,25,0,0,1536.409294686443,1621.3305725160235,0.4470651226479199,130.0,-155.0,-3.0,0.43478260869565216,0.6078431372549019,0.4170073589533933,0.5829926410466066,0.04262574595055413
2025_08_MIA_ATL,2025,8,2025-10-26,MIA,ATL,34,10,0,0,1472.3683100761232,1387.4733987912364,0.6824392999860682,-355.0,280.0,7.0,0.7802197802197802,0.2631578947368421,0.7477827050997783,0.2522172949002217,0.04337767495662237
2025_08_NYG_PHI,2025,8,2025-10-26,NYG,PHI,20,38,1,0,1620.854271121206,1403.749951777812,0.8214295734263631,-380.0,300.0,7.0,0.7916666666666666,0.25,0.7600000000000001,0.24000000000000005,0.04166666666666652
2025_08_NYJ_CIN,2025,8,2025-10-26,NYJ,CIN,39,38,0,0,1482.5348351703926,1348.0053949040766,0.740913887551352,-258.0,210.0,5.5,0.7206703910614525,0.3225806451612903,0.690792883054068,0.30920711694593195,0.043251036222742734
2025_08_SF_HOU,2025,8,2025-10-26,SF,HOU,15,26,1,0,1519.9925239838865,1514.637151094043,0.5761865787731935,-155.0,130.0,2.5,0.6078431372549019,0.43478260869565216,0.5829926410466066,0.4170073589533933,0.04262574595055413
2025_08_TB_NO,2025,8,2025-10-26,TB,NO,23,3,0,0,1352.570160854467,1569.2158211475423,0.2747205841127344,180.0,-218.0,-4.5,0.35714285714285715,0.6855345911949685,0.34252477380439467,0.6574752261956054,0.04267744833782561
2025_08_TEN_IND,2025,8,2025-10-26,TEN,IND,14,38,1,0,1559.7493719701745,1285.377077456372,0.8647977780933018,-1650.0,950.0,15.5,0.9428571428571428,0.09523809523809523,0.9082568807339451,0.09174311926605505,0.03809523809523796
2025_08_WAS_KC,2025,8,2025-10-27,WAS,KC,7,28,1,0,1638.1934262000582,1508.9840584620124,0.7349919066310864,-700.0,500.0,10.5,0.875,0.16666666666666666,0.84,0.15999999999999998,0.04166666666666674
2025_09_BAL_MIA,2025,9,2025-10-30,BAL,MIA,28,6,0,0,1433.1705343902913,1525.6533731239297,0.43633155749754393,350.0,-455.0,-7.5,0.2222222222222222,0.8198198198198198,0.2132564841498559,0.7867435158501441,0.04204204204204198
2025_09_ATL_NE,2025,9,2025-11-02,ATL,NE,23,24,1,0,1503.67930692104,1426.6711744770682,0.672519953611248,-250.0,205.0,5.5,0.7142857142857143,0.32786885245901637,0.6853932584269663,0.31460674157303364,0.042154566744730726
2025_09_CAR_GB,2025,9,2025-11-02,CAR,GB,16,13,0,0,1641.9740299531854,1399.9677635207618,0.8414971783188779,-1000.0,650.0,12.5,0.9090909090909091,0.13333333333333333,0.8720930232558138,0.12790697674418605,0.042424242424242475
2025_09_CHI_CIN,2025,9,2025-11-02,CHI,CIN,47,42,0,0,1471.5945948120666,1446.4797672129032,0.6036944721195786,136.0,-162.0,-3.0,0.423728813559322,0.6183206106870229,0.4066302458405761,0.593369754159424,0.042049424246344946
2025_09_DEN_HOU,2025,9,2025-11-02,DEN,HOU,18,15,0,0,1541.0041120804658,1623.3353004727626,0.4507536251457556,-125.0,105.0,1.5,0.5555555555555556,0.4878048780487805,0.5324675324675325,0.4675324675324675,0.04336043360433606
2025_09_IND_PIT,2025,9,2025-11-02,IND,PIT,20,27,1,0,1515.765837249281,1567.48820870031,0.4946432818244998,154.0,-185.0,-3.5,0.3937007874015748,0.6491228070175439,0.3775334481388264,0.6224665518611737,0.04282359441911865
2025_09_JAX_LV,2025,9,2025-11-02,JAX,LV,30,29,0,0,1378.0098342893375,1444.3296008142363,0.4736601430391325,110.0,-130.0,-2.5,0.47619047619047616,0.5652173913043478,0.4572564612326044,0.5427435387673957,0.04140786749482395
2025_09_KC_BUF,2025,9,2025-11-02,KC,BUF,21,28,1,0,1617.6806915546417,1653.6676279833111,0.5172813019891771,114.0,-135.0,-2.5,0.4672897196261682,0.574468085106383,0.448558885283451,0.551441114716549,0.04175780473255131
2025_09_LAC_TEN,2025,9,2025-11-02,LAC,TEN,27,20,0,0,1277.6382407262365,1542.7034686392844,0.22278187315950201,470.0,-650.0,-10.0,0.17543859649122806,0.8666666666666667,0.16835016835016833,0.8316498316498315,0.04210526315789487
2025_09_MIN_DET,2025,9,2025-11-02,MIN,DET,27,24,0,0,1674.8546575628927,1519.5466314045411,0.7632055769115513,-550.0,410.0,9.5,0.8461538461538461,0.19607843137254902,0.8118668596237336,0.18813314037626627,0.042232277526395245
2025_09_NO_LA,2025,9,2025-11-02,NO,LA,10,34,1,0,1601.6926268202994,1337.3419079782436,0.8579096017810576,-1200.0,750.0,14.0,0.9230769230769231,0.11764705882352941,0.8869565217391304,0.11304347826086955,0.040723981900452566
2025_09_SEA_WAS,2025,9,2025-11-02,SEA,WAS,38,14,0,0,1493.5098566787594,1589.020355866946,0.4320499132354576,124.0,-148.0,-2.5,0.44642857142857145,0.5967741935483871,0.42794036443953615,0.5720596355604638,0.04320276497695863
2025_09_SF_NYG,2025,9,2025-11-02,SF,NYG,34,24,0,0,1394.1786859891697,1493.6255629974637,0.42649841976150393,124.0,-148.0,-2.5,0.44642857142857145,0.5967741935483871,0.42794036443953615,0.5720596355604638,0.04320276497695863
2025_09_ARI_DAL,2025,9,2025-11-03,ARI,DAL,27,17,0,0,1477.5342045745706,1443.2205811258573,0.6162911191786787,-175.0,145.0,3.5,0.6363636363636364,0.40816326530612246,0.6092362344582594,0.39076376554174075,0.0445269016697587
2025_10_LV_DEN,2025,10,2025-11-06,LV,DEN,7,10,1,0,1635.382017148575,1371.6356620777244,0.8574849811932826,-500.0,380.0,9.5,0.8333333333333334,0.20833333333333334,0.7999999999999999,0.19999999999999998,0.04166666666666674
2025_10_ARI_SEA,2025,10,2025-11-09,ARI,SEA,22,44,1,0,1615.6773722208425,1473.2449047782861,0.7495506899318435,-340.0,270.0,7.0,0.7727272727272727,0.2702702702702703,0.740871613663133,0.2591283863368669,0.0429975429975431
2025_10_ATL_IND,2025,10,2025-11-09,ATL,IND,25,31,1,0,1545.9649993516932,1422.2848737981963,0.7287461279251198,-310.0,250.0,6.5,0.7560975609756098,0.2857142857142857,0.725752508361204,0.27424749163879597,0.04181184668989557
2025_10_BAL_MIN,2025,10,2025-11-09,BAL,MIN,27,19,0,0,1542.3144685419043,1551.9118306671637,0.5550418673486791,190.0,-230.0,-4.5,0.3448275862068966,0.696969696969697,0.33099297893681046,0.6690070210631895,0.04179728317659359
2025_10_BUF_MIA,2025,10,2025-11-09,BUF,MIA,13,30,1,0,1406.9120768470573,1638.0902512478906,0.25836989769058666,350.0,-455.0,-8.5,0.2222222222222222,0.8198198198198198,0.2132564841498559,0.7867435158501441,0.04204204204204198
2025_10_CLE_NYJ,2025,10,2025-11-09,CLE,NYJ,20,27,1,0,1358.9456352624027,1390.8462158841257,0.5231523583988369,110.0,-130.0,-1.5,0.47619047619047616,0.5652173913043478,0.4572564612326044,0.5427435387673957,0.04140786749482395
2025_10_DET_WAS,2025,10,2025-11-09,DET,WAS,44,22,0,0,1466.8528403248629,1652.0868204255296,0.3121724716635892,350.0,-455.0,-8.5,0.2222222222222222,0.8198198198198198,0.2132564841498559,0.7867435158501441,0.04204204204204198
2025_10_JAX_HOU,2025,10,2025-11-09,JAX,HOU,29,36,1,0,1528.9573954046534,1450.7037730258494,0.6740970100337947,-105.0,-115.0,-1.5,0.5121951219512195,0.5348837209302325,0.4891657638136511,0.5108342361863488,0.04707884288145214
2025_10_LA_SF,2025,10,2025-11-09,LA,SF,42,26,0,0,1513.1949370118953,1609.8588099646618,0.4304214709232633,210.0,-258.0,-5.5,0.3225806451612903,0.7206703910614525,0.30920711694593195,0.690792883054068,0.043251036222742734
2025_10_NE_TB,2025,10,2025-11-09,NE,TB,28,23,0,0,1584.4440740237658,1508.065607599912,0.6717211736592952,-148.0,124.0,2.5,0.5967741935483871,0.44642857142857145,0.5720596355604638,0.42794036443953615,0.04320276497695863
2025_10_NO_CAR,2025,10,2025-11-09,NO,CAR,17,7,0,0,1426.1827416490898,1329.1757248338813,0.6973536034596651,-245.0,200.0,5.5,0.7101449275362319,0.3333333333333333,0.6805555555555556,0.3194444444444444,0.04347826086956519
2025_10_NYG_CHI,2025,10,2025-11-09,NYG,CHI,20,24,1,0,1468.3630892518597,1374.6093119747381,0.6933866635086544,-218.0,180.0,4.5,0.6855345911949685,0.35714285714285715,0.6574752261956054,0.34252477380439467,0.04267744833782561
2025_10_PIT_LAC,2025,10,2025-11-09,PIT,LAC,10,25,1,0,1550.972427435002,1537.2890465978978,0.5878484567689252,-162.0,136.0,3.0,0.6183206106870229,0.423728813559322,0.593369754159424,0.4066302458405761,0.042049424246344946
2025_10_PHI_GB,2025,10,2025-11-10,PHI,GB,10,7,0,0,1615.7590518248574,1630.4255369098482,0.5478241370956688,-110.0,-110.0,1.5,0.5238095238095238,0.5238095238095238,0.5,0.5,0.04761904761904767
2025_11_NYJ_NE,2025,11,2025-11-13,NYJ,NE,14,27,1,0,1533.0026131823345,1379.0689647508639,0.7617728024120608,-950.0,625.0,12.5,0.9047619047619048,0.13793103448275862,0.8677165354330709,0.13228346456692913,0.04269293924466333
2025_11_BAL_CLE,2025,11,2025-11-16,BAL,CLE,23,16,0,0,1370.7228863956645,1576.1969211297576,0.2877179291658864,340.0,-440.0,-7.5,0.22727272727272727,0.8148148148148148,0.21809369951534735,0.7819063004846527,0.04208754208754195
2025_11_CAR_ATL,2025,11,2025-11-16,CAR,ATL,30,27,0,0,1412.29005183419,1391.1964337568072,0.5981433090311448,-218.0,180.0,4.5,0.6855345911949685,0.35714285714285715,0.6574752261956054,0.34252477380439467,0.04267744833782561
2025_11_CHI_MIN,2025,11,2025-11-16,CHI,MIN,19,17,0,0,1518.0293780793104,1477.8291905641317,0.6242720935765683,-148.0,124.0,3.0,0.5967741935483871,0.44642857142857145,0.5720596355604638,0.42794036443953615,0.04320276497695863
2025_11_CIN_PIT,2025,11,2025-11-16,CIN,PIT,12,34,1,0,1514.5757822971561,1449.71127277311,0.6569429324530619,-250.0,205.0,5.5,0.7142857142857143,0.32786885245901637,0.6853932584269663,0.31460674157303364,0.042154566744730726
2025_11_DET_PHI,2025,11,2025-11-16,DET,PHI,9,16,1,0,1645.5138595802146,1670.1428515936818,0.5335829465530374,-155.0,130.0,2.5,0.6078431372549019,0.43478260869565216,0.5829926410466066,0.4170073589533933,0.04262574595055413
2025_11_GB_NYG,2025,11,2025-11-16,GB,NYG,27,20,0,0,1365.1432106624661,1600.670729154491,0.2536015626538779,340.0,-440.0,-7.5,0.22727272727272727,0.8148148148148148,0.21809369951534735,0.7819063004846527,0.04208754208754195
2025_11_HOU_TEN,2025,11,2025-11-16,HOU,TEN,16,13,0,0,1269.369281930519,1542.0457685367785,0.21528770990394044,215.0,-265.0,-5.5,0.31746031746031744,0.726027397260274,0.30423004792665137,0.6957699520733487,0.04348771472059143
2025_11_KC_DEN,2025,11,2025-11-16,KC,DEN,19,22,1,0,1638.91037619729,1633.2580682900623,0.5766039267375913,180.0,-218.0,-3.5,0.35714285714285715,0.6855345911949685,0.34252477380439467,0.6574752261956054,0.04267744833782561
2025_11_LAC_JAX,2025,11,2025-11-16,LAC,JAX,6,35,1,0,1437.6153998937243,1573.6856917357436,0.3759033098583657,130.0,-155.0,-3.0,0.43478260869565216,0.6078431372549019,0.4170073589533933,0.5829926410466066,0.04262574595055413
2025_11_SEA_LA,2025,11,2025-11-16,SEA,LA,19,21,1,0,1633.2218010629153,1630.428031826504,0.5725817406213976,-175.0,145.0,3.0,0.6363636363636364,0.40816326530612246,0.6092362344582594,0.39076376554174075,0.0445269016697587
2025_11_SF_ARI,2025,11,2025-11-16,SF,ARI,41,22,0,0,1458.4942451726247,1489.8319459136417,0.5239606094738524,160.0,-192.0,-3.5,0.38461538461538464,0.6575342465753424,0.3690596562184025,0.6309403437815976,0.04214963119072701
2025_11_TB_BUF,2025,11,2025-11-16,TB,BUF,32,44,1,0,1590.1845374425236,1559.5070684413433,0.6113294442772791,-285.0,230.0,6.0,0.7402597402597403,0.30303030303030304,0.7095435684647302,0.2904564315352697,0.04329004329004338
2025_11_WAS_MIA,2025,11,2025-11-16,WAS,MIA,13,16,1,0,1454.8177906524243,1448.7968091567107,0.5771219525294187,-148.0,124.0,2.5,0.5967741935483871,0.44642857142857145,0.5720596355604638,0.42794036443953615,0.04320276497695863
2025_11_DAL_LV,2025,11,2025-11-17,DAL,LV,33,16,0,0,1368.1073030290095,1447.5098809221417,0.45493071823524744,164.0,-198.0,-3.5,0.3787878787878788,0.6644295302013423,0.3630958183058778,0.6369041816941223,0.043217408989220996
2025_12_BUF_HOU,2025,12,2025-11-20,BUF,HOU,19,23,1,0,1547.356570072885,1609.8487396702487,0.4791561786007247,210.0,-258.0,-5.5,0.3225806451612903,0.7206703910614525,0.30920711694593195,0.690792883054068,0.043251036222742734
2025_12_ATL_NO,2025,12,2025-11-23,ATL,NO,24,10,0,0,1364.162032726164,1395.5454505302685,0.5238949680057615,-122.0,102.0,1.5,0.5495495495495496,0.49504950495049505,0.5260865852617197,0.4739134147382802,0.044599054500044755
2025_12_CLE_LV,2025,12,2025-11-23,CLE,LV,24,10,0,0,1342.7250242899522,1359.7791494671426,0.5444172964561431,-162.0,136.0,3.0,0.6183206106870229,0.423728813559322,0.593369754159424,0.4066302458405761,0.042049424246344946
2025_12_IND_KC,2025,12,2025-11-23,IND,KC,20,23,1,0,1621.5491195050204,1555.9598213156994,0.6578826042523628,-218.0,180.0,3.5,0.6855345911949685,0.35714285714285715,0.6574752261956054,0.34252477380439467,0.04267744833782561
2025_12_JAX_ARI,2025,12,2025-11-23,JAX,ARI,27,24,0,0,1427.542224273491,1482.8677865816219,0.489459230360532,114.0,-135.0,-2.5,0.4672897196261682,0.574468085106383,0.448558885283451,0.551441114716549,0.04175780473255131
2025_12_MIN_GB,2025,12,2025-11-23,MIN,GB,6,23,1,0,1610.1977754712298,1504.0574110763978,0.7083333474252517,-290.0,235.0,6.5,0.7435897435897436,0.29850746268656714,0.7135512302607419,0.28644876973925815,0.04209720627631075
2025_12_NE_CIN,2025,12,2025-11-23,NE,CIN,26,20,0,0,1428.8143265557244,1544.754257168728,0.40345404758783243,310.0,-395.0,-7.5,0.24390243902439024,0.797979797979798,0.23409789548356585,0.7659021045164341,0.04188223700418825
2025_12_NYG_DET,2025,12,2025-11-23,NYG,DET,27,34,1,0,1650.5254954289228,1355.6161643457274,0.8780341911679015,-1050.0,675.0,14.0,0.9130434782608695,0.12903225806451613,0.8761776581426649,0.12382234185733514,0.04207573632538564
2025_12_NYJ_BAL,2025,12,2025-11-23,NYJ,BAL,10,23,1,0,1587.1406580582795,1367.3173207644704,0.8237139061793841,-1050.0,675.0,14.0,0.9130434782608695,0.12903225806451613,0.8761776581426649,0.12382234185733514,0.04207573632538564
2025_12_PHI_DAL,2025,12,2025-11-23,PHI,DAL,21,24,1,0,1472.892159661199,1665.1312157449736,0.30358021321518835,136.0,-162.0,-3.0,0.423728813559322,0.6183206106870229,0.4066302458405761,0.593369754159424,0.042049424246344946
2025_12_PIT_CHI,2025,12,2025-11-23,PIT,CHI,28,31,1,0,1491.8011575670444,1535.4727285145418,0.5062287878850512,-155.0,130.0,3.0,0.6078431372549019,0.43478260869565216,0.5829926410466066,0.4170073589533933,0.04262574595055413
2025_12_SEA_TEN,2025,12,2025-11-23,SEA,TEN,30,24,0,0,1264.0584803944125,1621.048603673337,0.14446495194642914,625.0,-950.0,-12.5,0.13793103448275862,0.9047619047619048,0.13228346456692913,0.8677165354330709,0.04269293924466333
2025_12_TB_LA,2025,12,2025-11-23,TB,LA,7,34,1,0,1642.6012292160822,1539.8428662136182,0.704294985734021,-375.0,295.0,7.0,0.7894736842105263,0.25316455696202533,0.7571884984025559,0.2428115015974441,0.04263824117255166
2025_12_CAR_SF,2025,12,2025-11-24,CAR,SF,9,20,1,0,1520.7839668127754,1407.9410350607288,0.7162399688135466,-395.0,310.0,7.5,0.797979797979798,0.24390243902439024,0.7659021045164341,0.23409789548356585,0.04188223700418825
2025_13_CIN_BAL,2025,13,2025-11-27,CIN,BAL,32,14,0,0,1595.5999866533912,1413.8986744345075,0.7895586361929355,-375.0,295.0,7.0,0.7894736842105263,0.25316455696202533,0.7571884984025559,0.2428115015974441,0.04263824117255166
2025_13_GB_DET,2025,13,2025-11-27,GB,DET,31,24,0,0,1654.998328858648,1626.2822701563177,0.6086433408282603,-155.0,130.0,2.5,0.6078431372549019,0.43478260869565216,0.5829926410466066,0.4170073589533933,0.04262574595055413
2025_13_KC_DAL,2025,13,2025-11-27,KC,DAL,28,31,1,0,1494.0498001452272,1630.7600203269747,0.3750395041054482,154.0,-185.0,-3.5,0.3937007874015748,0.6491228070175439,0.3775334481388264,0.6224665518611737,0.04282359441911865
2025_13_CHI_PHI,2025,13,2025-11-28,CHI,PHI,24,15,0,0,1643.9735752609454,1505.7686675548057,0.7449545816496637,-340.0,270.0,7.0,0.7727272727272727,0.2702702702702703,0.740871613663133,0.2591283863368669,0.0429975429975431
2025_13_ARI_TB,2025,13,2025-11-30,ARI,TB,17,20,1,0,1521.0152799960674,1414.3044365123712,0.7090113361631278,-198.0,164.0,4.5,0.6644295302013423,0.3787878787878788,0.6369041816941223,0.3630958183058778,0.043217408989220996
2025_13_ATL_NYJ,2025,13,2025-11-30,ATL,NYJ,24,27,1,0,1358.8579921693588,1423.521050749556,0.4760383002846346,140.0,-166.0,-3.0,0.4166666666666667,0.6240601503759399,0.4003612281757977,0.5996387718242023,0.0407268170426065
2025_13_BUF_PIT,2025,13,2025-11-30,BUF,PIT,26,7,0,0,1521.5052185267805,1592.5932731168455,0.46682244120662547,140.0,-166.0,-3.0,0.4166666666666667,0.6240601503759399,0.4003612281757977,0.5996387718242023,0.0407268170426065
2025_13_DEN_WAS,2025,13,2025-11-30,DEN,WAS,27,26,0,0,1437.104140712957,1650.6193249823318,0.2783256856416305,250.0,-310.0,-6.5,0.2857142857142857,0.7560975609756098,0.27424749163879597,0.725752508361204,0.04181184668989557
2025_13_HOU_IND,2025,13,2025-11-30,HOU,IND,20,16,0,0,1546.7489204937451,1564.6120366262883,0.5432620156373408,-170.0,142.0,3.0,0.6296296296296297,0.4132231404958678,0.6037569709421778,0.3962430290578221,0.042852770125497486
2025_13_JAX_TEN,2025,13,2025-11-30,JAX,TEN,25,3,0,0,1259.2211148531433,1496.1055743427416,0.25212584919791814,220.0,-270.0,-6.0,0.3125,0.7297297297297297,0.299837925445705,0.7001620745542949,0.042229729729729826
2025_13_LA_CAR,2025,13,2025-11-30,LA,CAR,28,31,1,0,1394.526740529355,1661.428815433633,0.22095639660189656,425.0,-575.0,-10.0,0.19047619047619047,0.8518518518518519,0.18274111675126903,0.817258883248731,0.042328042328042326
2025_13_LV_LAC,2025,13,2025-11-30,LV,LAC,14,31,1,0,1528.433305047846,1313.4656519065716,0.8196182870367008,-600.0,440.0,10.0,0.8571428571428571,0.18518518518518517,0.8223350253807106,0.17766497461928932,0.042328042328042326
2025_13_MIN_SEA,2025,13,2025-11-30,MIN,SEA,0,26,1,0,1625.8859692146063,1487.9729163913098,0.7446352450876745,-900.0,600.0,12.5,0.9,0.14285714285714285,0.863013698630137,0.136986301369863,0.04285714285714293
2025_13_NO_MIA,2025,13,2025-11-30,NO,MIA,17,21,1,0,1466.510459096178,1336.1864325068764,0.7362398173832302,-250.0,205.0,5.5,0.7142857142857143,0.32786885245901637,0.6853932584269663,0.31460674157303364,0.042154566744730726
2025_13_SF_CLE,2025,13,2025-11-30,SF,CLE,26,8,0,0,1389.0385218505232,1534.1982613441492,0.36371027029560554,205.0,-250.0,-5.5,0.32786885245901637,0.7142857142857143,0.31460674157303364,0.6853932584269663,0.042154566744730726
2025_13_NYG_NE,2025,13,2025-12-01,NYG,NE,15,33,1,0,1559.6699092899448,1351.1433309160022,0.8140714514933086,-375.0,295.0,7.0,0.7894736842105263,0.25316455696202533,0.7571884984025559,0.2428115015974441,0.04263824117255166
2025_14_DAL_DET,2025,14,2025-12-04,DAL,DET,30,44,1,0,1629.3507929430727,1512.5254818810886,0.7208759494733111,-192.0,160.0,3.5,0.6575342465753424,0.38461538461538464,0.6309403437815976,0.3690596562184025,0.04214963119072701
2025_14_CHI_GB,2025,14,2025-12-07,CHI,GB,21,28,1,0,1651.929806071893,1542.3746999036618,0.7123777020022571,-305.0,245.0,6.5,0.7530864197530864,0.2898550724637681,0.7220792588780237,0.27792074112197634,0.042941492216854504
2025_14_CIN_BUF,2025,14,2025-12-07,CIN,BUF,34,39,1,0,1619.6872918687307,1464.5807258612922,0.7629959290714494,-285.0,230.0,6.0,0.7402597402597403,0.30303030303030304,0.7095435684647302,0.2904564315352697,0.04329004329004338
2025_14_DEN_LV,2025,14,2025-12-07,DEN,LV,24,17,0,0,1303.9664401233733,1654.1363980397718,0.14938533668276613,360.0,-470.0,-8.5,0.21739130434782608,0.8245614035087719,0.20863836017569545,0.7913616398243045,0.04195270785659799
2025_14_HOU_KC,2025,14,2025-12-07,HOU,KC,20,10,0,0,1612.2843385911133,1581.958123060413,0.6108489027752856,-218.0,180.0,4.5,0.6855345911949685,0.35714285714285715,0.6574752261956054,0.34252477380439467,0.04267744833782561
2025_14_IND_JAX,2025,14,2025-12-07,IND,JAX,19,36,1,0,1510.3794239320334,1529.4028340596203,0.5416042462776944,114.0,-135.0,-2.5,0.4672897196261682,0.574468085106383,0.448558885283451,0.551441114716549,0.04175780473255131
2025_14_LA_ARI,2025,14,2025-12-07,LA,ARI,45,17,0,0,1406.609747956793,1636.8468816478583,0.2594092460617688,380.0,-500.0,-9.5,0.20833333333333334,0.8333333333333334,0.19999999999999998,0.7999999999999999,0.04166666666666674
2025_14_MIA_NYJ,2025,14,2025-12-07,MIA,NYJ,34,10,0,0,1373.825216296578,1474.5257599064573,0.42473417998336443,124.0,-148.0,-2.5,0.44642857142857145,0.5967741935483871,0.42794036443953615,0.5720596355604638,0.04320276497695863
2025_14_NO_TB,2025,14,2025-12-07,NO,TB,24,20,0,0,1528.7099685516457,1328.171131696597,0.8070110693817311,-425.0,330.0,7.5,0.8095238095238095,0.23255813953488372,0.7768331562167907,0.22316684378320936,0.042081949058693224
2025_14_PIT_BAL,2025,14,2025-12-07,PIT,BAL,27,22,0,0,1544.9179352266065,1494.4111997748953,0.6380822809590696,-270.0,220.0,5.5,0.7297297297297297,0.3125,0.7001620745542949,0.299837925445705,0.042229729729729826
2025_14_SEA_ATL,2025,14,2025-12-07,SEA,ATL,37,9,0,0,1408.5538266223368,1641.725816291075,0.25617677779115755,280.0,-355.0,-7.0,0.2631578947368421,0.7802197802197802,0.2522172949002217,0.7477827050997783,0.04337767495662237
2025_14_TEN_CLE,2025,14,2025-12-07,TEN,CLE,31,29,0,0,1368.9458186228267,1244.9472652638515,0.7291083181345989,-205.0,170.0,4.5,0.6721311475409836,0.37037037037037035,0.644729178800233,0.35527082119976705,0.042501517911353925
2025_14_WAS_MIN,2025,14,2025-12-07,WAS,MIN,0,31,1,0,1472.1330693148411,1433.5870676555169,0.6220359570479284,-105.0,-115.0,-1.5,0.5121951219512195,0.5348837209302325,0.4891657638136511,0.5108342361863488,0.04707884288145214
2025_14_PHI_LAC,2025,14,2025-12-08,PHI,LAC,19,22,1,0,1537.9325168310443,1607.3675429120892,0.469191596237152,100.0,-120.0,-1.5,0.5,0.5454545454545454,0.4782608695652174,0.5217391304347826,0.045454545454545414
2025_15_ATL_TB,2025,15,2025-12-11,ATL,TB,29,28,0,0,1500.1279153818525,1392.9546778702706,0.7095601883006619,-278.0,225.0,6.0,0.7354497354497355,0.3076923076923077,0.705033164260632,0.2949668357393679,0.043142043142043285
2025_15_ARI_HOU,2025,15,2025-12-14,ARI,HOU,20,40,1,0,1611.662622926303,1390.7946914513113,0.8245853750807766,-625.0,455.0,10.5,0.8620689655172413,0.18018018018018017,0.827123695976155,0.17287630402384502,0.04224914569742144
2025_15_BAL_CIN,2025,15,2025-12-14,BAL,CIN,24,0,0,0,1456.6469920098018,1521.5148571764905,0.4757442451712267,136.0,-162.0,-2.5,0.423728813559322,0.6183206106870229,0.4066302458405761,0.593369754159424,0.042049424246344946
2025_15_BUF_NE,2025,15,2025-12-14,BUF,NE,35,31,0,0,1569.6710576688147,1627.621025720221,0.4856847582785973,120.0,-142.0,-2.5,0.45454545454545453,0.5867768595041323,0.43650793650793646,0.5634920634920635,0.04132231404958686
2025_15_CAR_NO,2025,15,2025-12-14,CAR,NO,17,20,1,0,1356.7531848663903,1419.1086743151297,0.4793525385218663,124.0,-148.0,-2.5,0.44642857142857145,0.5967741935483871,0.42794036443953615,0.5720596355604638,0.04320276497695863
2025_15_CLE_CHI,2025,15,2025-12-14,CLE,CHI,3,31,1,0,1530.9802433957427,1351.9687958889413,0.78697432697395,-375.0,295.0,7.5,0.7894736842105263,0.25316455696202533,0.7571884984025559,0.2428115015974441,0.04263824117255166
2025_15_DET_LA,2025,15,2025-12-14,DET,LA,34,41,1,0,1652.6619381533399,1643.7061287779745,0.5812395631130045,-245.0,200.0,5.5,0.7101449275362319,0.3333333333333333,0.6805555555555556,0.3194444444444444,0.04347826086956519
2025_15_GB_DEN,2025,15,2025-12-14,GB,DEN,26,34,1,0,1659.496070342974,1663.324262579812,0.5632280407158136,102.0,-122.0,-1.5,0.49504950495049505,0.5495495495495496,0.4739134147382802,0.5260865852617197,0.044599054500044755
2025_15_IND_SEA,2025,15,2025-12-14,IND,SEA,16,18,1,0,1657.3249650431412,1502.673018410685,0.7625223631667,-1000.0,650.0,13.5,0.9090909090909091,0.13333333333333333,0.8720930232558138,0.12790697674418605,0.042424242424242475
2025_15_LAC_KC,2025,15,2025-12-14,LAC,KC,16,13,0,0,1582.5798387252235,1553.1292815686106,0.6096499991533441,-258.0,210.0,5.5,0.7206703910614525,0.3225806451612903,0.690792883054068,0.30920711694593195,0.043251036222742734
2025_15_LV_PHI,2025,15,2025-12-14,LV,PHI,0,31,1,0,1592.1707781745229,1298.6067678201712,0.8772024232017762,-1000.0,650.0,12.5,0.9090909090909091,0.13333333333333333,0.8720930232558138,0.12790697674418605,0.042424242424242475
2025_15_MIN_DAL,2025,15,2025-12-14,MIN,DAL,34,26,0,0,1498.1701460461868,1497.8804233191079,0.5690504315118124,-265.0,215.0,5.5,0.726027397260274,0.31746031746031744,0.6957699520733487,0.30423004792665137,0.04348771472059143
2025_15_NYJ_JAX,2025,15,2025-12-14,NYJ,JAX,20,48,1,0,1537.1092395809687,1347.6786889440284,0.7968561972530629,-1050.0,675.0,13.5,0.9130434782608695,0.12903225806451613,0.8761776581426649,0.12382234185733514,0.04207573632538564
2025_15_TEN_SF,2025,15,2025-12-14,TEN,SF,24,37,1,0,1554.2909645718457,1261.9242879977369,0.8764580522930651,-900.0,600.0,12.5,0.9,0.14285714285714285,0.863013698630137,0.136986301369863,0.04285714285714293
2025_15_WAS_NYG,2025,15,2025-12-14,WAS,NYG,29,21,0,0,1341.1421825371324,1407.8397136512501,0.4731180360619174,-148.0,124.0,2.5,0.5967741935483871,0.44642857142857145,0.5720596355604638,0.42794036443953615,0.04320276497695863
2025_15_MIA_PIT,2025,15,2025-12-15,MIA,PIT,15,28,1,0,1517.8142778250112,1500.672287259007,0.5926635680490772,-175.0,145.0,3.0,0.6363636363636364,0.40816326530612246,0.6092362344582594,0.39076376554174075,0.0445269016697587
2025_16_LA_SEA,2025,16,2025-12-18,LA,SEA,37,38,1,0,1662.200172787203,1670.0070861052702,0.5575858394921922,-122.0,102.0,1.5,0.5495495495495496,0.49504950495049505,0.5260865852617197,0.4739134147382802,0.044599054500044755
2025_16_GB_CHI,2025,16,2025-12-20,GB,CHI,16,22,1,0,1544.2471405741262,1644.097083936284,0.42593099271080304,-118.0,-102.0,1.5,0.5412844036697247,0.504950495049505,0.5173641257162701,0.4826358742837298,0.04623489871922981
2025_16_PHI_WAS,2025,16,2025-12-20,PHI,WAS,29,18,0,0,1428.018872428308,1599.6803887690153,0.32918954410521695,300.0,-380.0,-7.0,0.25,0.7916666666666666,0.24000000000000005,0.7600000000000001,0.04166666666666652
2025_16_ATL_ARI,2025,16,2025-12-21,ATL,ARI,26,19,0,0,1381.088104322279,1403.295000692036,0.5370512174412869,124.0,-148.0,-2.5,0.44642857142857145,0.5967741935483871,0.42794036443953615,0.5720596355604638,0.04320276497695863
2025_16_BUF_CLE,2025,16,2025-12-21,BUF,CLE,23,20,0,0,1338.7018987105578,1642.8533811218513,0.18625558870624886,425.0,-575.0,-10.5,0.19047619047619047,0.8518518518518519,0.18274111675126903,0.817258883248731,0.042328042328042326
2025_16_CIN_MIA,2025,16,2025-12-21,CIN,MIA,45,21,0,0,1479.3388296631138,1426.8969506856376,0.6406508037060866,170.0,-205.0,-3.5,0.37037037037037035,0.6721311475409836,0.35527082119976705,0.644729178800233,0.042501517911353925
2025_16_JAX_DEN,2025,16,2025-12-21,JAX,DEN,34,20,0,0,1678.723248986502,1549.7055430418836,0.7347769526428606,-175.0,145.0,3.5,0.6363636363636364,0.40816326530612246,0.6092362344582594,0.39076376554174075,0.0445269016697587
2025_16_KC_TEN,2025,16,2025-12-21,KC,TEN,9,26,1,0,1256.1685103388093,1565.447406294226,0.18182341369187702,154.0,-185.0,-3.5,0.3937007874015748,0.6491228070175439,0.3775334481388264,0.6224665518611737,0.04282359441911865
2025_16_LAC_DAL,2025,16,2025-12-21,LAC,DAL,34,17,0,0,1473.1602205581305,1570.261713999608,0.4298039885911267,-122.0,102.0,1.5,0.5495495495495496,0.49504950495049505,0.5260865852617197,0.4739134147382802,0.044599054500044755
2025_16_LV_HOU,2025,16,2025-12-21,LV,HOU,21,23,1,0,1621.3692100553353,1291.0971572256788,0.8982115495567089,-1600.0,900.0,14.5,0.9411764705882353,0.1,0.9039548022598869,0.096045197740113,0.04117647058823537
2025_16_MIN_NYG,2025,16,2025-12-21,MIN,NYG,16,13,0,0,1320.9630237600745,1522.8903488071642,0.29192007842048057,124.0,-148.0,-2.5,0.44642857142857145,0.5967741935483871,0.42794036443953615,0.5720596355604638,0.04320276497695863
2025_16_NE_BAL,2025,16,2025-12-21,NE,BAL,28,24,0,0,1551.2648985006547,1554.4387022671845,0.5641545001607431,-185.0,154.0,3.5,0.6491228070175439,0.3937007874015748,0.6224665518611737,0.3775334481388264,0.04282359441911865
2025_16_NYJ_NO,2025,16,2025-12-21,NYJ,NO,6,29,1,0,1371.6096813522654,1335.0823854831135,0.619300019802809,-298.0,240.0,6.5,0.7487437185929648,0.29411764705882354,0.7179705215419501,0.2820294784580499,0.04286136565178844
2025_16_PIT_DET,2025,16,2025-12-21,PIT,DET,29,24,0,0,1626.3609808260442,1539.1477354209044,0.6853243940081228,-425.0,330.0,7.5,0.8095238095238095,0.23255813953488372,0.7768331562167907,0.22316684378320936,0.042081949058693224
2025_16_TB_CAR,2025,16,2025-12-21,TB,CAR,20,23,1,0,1404.2521778292546,1489.7875925600872,0.446191379168406,130.0,-155.0,-3.0,0.43478260869565216,0.6078431372549019,0.4170073589533933,0.5829926410466066,0.04262574595055413
2025_16_SF_IND,2025,16,2025-12-22,SF,IND,48,27,0,0,1497.7978106666233,1560.0467422307734,0.4795056280770704,185.0,-225.0,-4.5,0.3508771929824561,0.6923076923076923,0.33635187580853815,0.6636481241914618,0.04318488529014841
2025_17_DAL_WAS,2025,17,2025-12-25,DAL,WAS,30,23,0,0,1412.842915662018,1449.3646217138999,0.5165125856883903,380.0,-500.0,-8.5,0.20833333333333334,0.8333333333333334,0.19999999999999998,0.7999999999999999,0.04166666666666674
2025_17_DEN_KC,2025,17,2025-12-25,DEN,KC,20,13,0,0,1510.4140554255885,1636.4477709567857,0.3895514239533812,700.0,-1100.0,-13.5,0.125,0.9166666666666666,0.12000000000000002,0.8800000000000001,0.04166666666666652
2025_17_DET_MIN,2025,17,2025-12-25,DET,MIN,10,23,1,0,1530.3036601064885,1600.7884971522387,0.46768681750260566,285.0,-360.0,-7.0,0.2597402597402597,0.782608695652174,0.2491874322860238,0.7508125677139762,0.04234895539243366
2025_17_BAL_GB,2025,17,2025-12-27,BAL,GB,41,24,0,0,1620.6931300252274,1533.1316254302428,0.685756565467802,-142.0,120.0,2.5,0.5867768595041323,0.45454545454545453,0.5634920634920635,0.43650793650793646,0.04132231404958686
2025_17_HOU_LAC,2025,17,2025-12-27,HOU,LAC,20,16,0,0,1594.0573128438386,1623.3138016910698,0.5269479427929088,-118.0,-102.0,1.5,0.5412844036697247,0.504950495049505,0.5173641257162701,0.4826358742837298,0.04623489871922981
2025_17_ARI_CIN,2025,17,2025-12-28,ARI,CIN,14,37,1,0,1469.1475962062354,1358.9759729141788,0.7131043198174563,-345.0,275.0,7.0,0.7752808988764045,0.26666666666666666,0.7440690150970525,0.2559309849029475,0.04194756554307122
2025_17_CHI_SF,2025,17,2025-12-28,CHI,SF,38,42,1,0,1588.8745065950468,1567.6510944851827,0.5983228878085496,-205.0,170.0,3.5,0.6721311475409836,0.37037037037037035,0.644729178800233,0.35527082119976705,0.042501517911353925
2025_17_JAX_IND,2025,17,2025-12-28,JAX,IND,23,17,0,0,1468.9700463023498,1591.9810210716,0.3936970960572818,185.0,-225.0,-3.5,0.3508771929824561,0.6923076923076923,0.33635187580853815,0.6636481241914618,0.04318488529014841
2025_17_NE_NYJ,2025,17,2025-12-28,NE,NYJ,42,10,0,0,1311.2798853166262,1572.5719753375963,0.2265653129770276,625.0,-950.0,-12.5,0.13793103448275862,0.9047619047619048,0.13228346456692913,0.8677165354330709,0.04269293924466333
2025_17_NO_TEN,2025,17,2025-12-28,NO,TEN,34,26,0,0,1311.2018612074469,1395.4121815187527,0.4480770226886344,100.0,-120.0,-1.5,0.5,0.5454545454545454,0.4782608695652174,0.5217391304347826,0.045454545454545414
2025_17_NYG_LV,2025,17,2025-12-28,NYG,LV,34,10,0,0,1289.1525655899443,1313.5497124607502,0.5339150784085264,136.0,-162.0,-3.0,0.423728813559322,0.6183206106870229,0.4066302458405761,0.593369754159424,0.042049424246344946
2025_17_PHI_BUF,2025,17,2025-12-28,PHI,BUF,13,12,0,0,1647.3902564919003,1614.8563455353053,0.613865585975809,-170.0,142.0,3.0,0.6296296296296297,0.4132231404958678,0.6037569709421778,0.3962430290578221,0.042852770125497486
2025_17_PIT_CLE,2025,17,2025-12-28,PIT,CLE,6,13,1,0,1334.1650233405087,1564.7202190947098,0.25905765330449015,170.0,-205.0,-4.5,0.37037037037037035,0.6721311475409836,0.35527082119976705,0.644729178800233,0.042501517911353925
2025_17_SEA_CAR,2025,17,2025-12-28,SEA,CAR,27,10,0,0,1420.2281549329007,1668.3551769762898,0.24011963207158157,245.0,-305.0,-6.5,0.2898550724637681,0.7530864197530864,0.27792074112197634,0.7220792588780237,0.042941492216854504
2025_17_TB_MIA,2025,17,2025-12-28,TB,MIA,17,20,1,0,1437.088184142516,1473.8116154564411,0.5162225907977857,205.0,-250.0,-5.5,0.32786885245901637,0.7142857142857143,0.31460674157303364,0.6853932584269663,0.042154566744730726
2025_17_LA_ATL,2025,17,2025-12-29,LA,ATL,24,27,1,0,1425.407132100136,1663.8520819161834,0.25043582149751153,300.0,-380.0,-7.5,0.25,0.7916666666666666,0.24000000000000005,0.7600000000000001,0.04166666666666652
2025_18_CAR_TB,2025,18,2026-01-03,CAR,TB,14,16,1,0,1460.170757980622,1407.7543168274824,0.6406170918504559,-155.0,130.0,3.0,0.6078431372549019,0.43478260869565216,0.5829926410466066,0.4170073589533933,0.04262574595055413
2025_18_SEA_SF,2025,18,2026-01-03,SEA,SF,13,3,0,0,1601.6804549986662,1680.8290150817081,0.45529333291321655,124.0,-148.0,-2.5,0.44642857142857145,0.5967741935483871,0.42794036443953615,0.5720596355604638,0.04320276497695863
2025_18_ARI_LA,2025,18,2026-01-04,ARI,LA,20,37,1,0,1640.543467595238,1341.6102171108653,0.8804931363988628,-1350.0,800.0,14.5,0.9310344827586207,0.1111111111111111,0.8933823529411765,0.10661764705882354,0.04214559386973171
2025_18_BAL_PIT,2025,18,2026-01-04,BAL,PIT,24,26,1,0,1530.297910398869,1574.416624834005,0.5055853865833326,185.0,-225.0,-4.5,0.3508771929824561,0.6923076923076923,0.33635187580853815,0.6636481241914618,0.04318488529014841
2025_18_CLE_CIN,2025,18,2026-01-04,CLE,CIN,20,18,0,0,1486.513352009549,1368.5873320363496,0.7221490923624428,-455.0,350.0,9.5,0.8198198198198198,0.2222222222222222,0.7867435158501441,0.2132564841498559,0.04204204204204198
2025_18_DAL_NYG,2025,18,2026-01-04,DAL,NYG,17,34,1,0,1347.5448463768935,1470.4949956697087,0.39378067737949124,140.0,-166.0,-3.0,0.4166666666666667,0.6240601503759399,0.4003612281757977,0.5996387718242023,0.0407268170426065
2025_18_DET_CHI,2025,18,2026-01-04,DET,CHI,19,16,0,0,1554.8451460815634,1571.762444022495,0.5446126458996147,-180.0,150.0,3.5,0.6428571428571429,0.4,0.6164383561643836,0.3835616438356164,0.04285714285714293
2025_18_GB_MIN,2025,18,2026-01-04,GB,MIN,3,16,1,0,1559.3297132362322,1579.4081306214653,0.5400961043916876,-650.0,470.0,12.5,0.8666666666666667,0.17543859649122806,0.8316498316498315,0.16835016835016833,0.04210526315789487
2025_18_IND_HOU,2025,18,2026-01-04,IND,HOU,30,38,1,0,1640.0529970484147,1454.4594115871207,0.7932573264244015,-535.0,400.0,9.5,0.84251968503937,0.2,0.8081570996978852,0.19184290030211482,0.04251968503937009
2025_18_KC_LV,2025,18,2026-01-04,KC,LV,12,14,1,0,1255.157431673801,1495.090900838474,0.2488307843384981,185.0,-225.0,-3.5,0.3508771929824561,0.6923076923076923,0.33635187580853815,0.6636481241914618,0.04318488529014841
2025_18_LAC_DEN,2025,18,2026-01-04,LAC,DEN,3,19,1,0,1651.7709255439001,1577.3181174864937,0.669272167532992,-1600.0,900.0,14.5,0.9411764705882353,0.1,0.9039548022598869,0.096045197740113,0.04117647058823537
2025_18_MIA_NE,2025,18,2026-01-04,MIA,NE,10,38,1,0,1586.7337412900768,1450.729041618335,0.742540730899826,-1000.0,650.0,14.0,0.9090909090909091,0.13333333333333333,0.8720930232558138,0.12790697674418605,0.042424242424242475
2025_18_NO_ATL,2025,18,2026-01-04,NO,ATL,17,19,1,0,1448.7157464210813,1414.3767824898687,0.6163256137672891,-205.0,170.0,4.5,0.6721311475409836,0.37037037037037035,0.644729178800233,0.35527082119976705,0.042501517911353925
2025_18_NYJ_BUF,2025,18,2026-01-04,NYJ,BUF,8,35,1,0,1638.7525366670025,1297.1181193641457,0.9040377299680863,-800.0,550.0,12.5,0.8888888888888888,0.15384615384615385,0.8524590163934427,0.1475409836065574,0.04273504273504258
2025_18_TEN_JAX,2025,18,2026-01-04,TEN,JAX,7,41,1,0,1606.4916557868291,1292.237260236331,0.8894665713093475,-750.0,525.0,12.5,0.8823529411764706,0.16,0.8465011286681716,0.15349887133182846,0.04235294117647048
2025_18_WAS_PHI,2025,18,2026-01-04,WAS,PHI,24,17,0,0,1623.4940653602032,1391.712541706209,0.8334879983458111,-180.0,150.0,3.0,0.6428571428571429,0.4,0.6164383561643836,0.3835616438356164,0.04285714285714293
